customer_id,customer_name,segment,email,password,username
CG-12520,Claire Gute,Consumer,ericlong@example.com,O8&2BqfJ_b,brownann
DV-13045,Darrin Van Huff,Corporate,amandaglenn@example.com,(b7MIFoj)),salazarangela
SO-20335,Sean O'Donnell,Consumer,bryanvalenzuela@example.net,*)7@N*zG6y,zfletcher
BH-11710,Brosina Hoffman,Consumer,maria22@example.net,w)TW3Bm2*l,christine97
AA-10480,Andrew Allen,Consumer,alexanderriley@example.net,*poDa1@k4p,yhernandez
IM-15070,Irene Maddox,Consumer,pricecharles@example.org,%fCU7rby79,amy88
HP-14815,Harold Pawlan,Home Office,syoung@example.org,R)86V1*ij#,robertrichardson
PK-19075,Pete Kriz,Consumer,tturner@example.org,$I2waIsa)g,kevans
AG-10270,Alejandro Grove,Consumer,claudia34@example.com,yo)0CWkxYc,huntemily
ZD-21925,Zuschuss Donatelli,Consumer,roberthernandez@example.com,_EoHKLV5f3,whowell
KB-16585,Ken Black,Corporate,mstone@example.org,fFdid0zAJ&,vingram
SF-20065,Sandra Flanagan,Consumer,alyssamartinez@example.com,$P$c%WPr9A,murphykeith
EB-13870,Emily Burns,Consumer,andrewjones@example.net,(0gK&nFh7l,mark96
EH-13945,Eric Hoffmann,Consumer,gregorybowen@example.org,ooThNAAR&0,robert31
TB-21520,Tracy Blumstein,Consumer,barnesrobert@example.org,jcw9auYGH!,erica83
MA-17560,Matt Abelman,Home Office,brianna97@example.net,4auMAgIX*2,cperez
GH-14485,Gene Hale,Corporate,jose08@example.net,9L6iJrZaf@,carlosgomez
SN-20710,Steve Nguyen,Home Office,lorimunoz@example.org,&(D3KHjCi3,christianhuber
LC-16930,Linda Cazamias,Corporate,jamesmichele@example.org,De_Shvil_6,julieobrien
RA-19885,Ruben Ausman,Corporate,smithrichard@example.org,yd5vt(Sf@b,graylisa
ES-14080,Erin Smith,Corporate,smitheric@example.net,%6m#FcGYb1,agraham
ON-18715,Odella Nelson,Corporate,jill83@example.com,gcoBchoY+5,hhayes
PO-18865,Patrick O'Donnell,Consumer,davisshannon@example.org,B%11Cqe!7m,whitegabriel
LH-16900,Lena Hernandez,Consumer,peckjulie@example.net,sL)7SjXk_&,bcarter
DP-13000,Darren Powers,Consumer,rileyriley@example.com,8_sCFA1d#b,gperez
JM-15265,Janet Molinari,Corporate,gregoryjohns@example.org,%hQg_SWs#4,xrichardson
TB-21055,Ted Butterfield,Consumer,njones@example.net,A(o5AdcXvb,pmcdonald
KM-16720,Kunst Miller,Consumer,taylor75@example.org,EG%%W8Bt7),tmorales
PS-18970,Paul Stevenson,Home Office,parkandrew@example.org,&3QHnDIr*W,ywalker
BS-11590,Brendan Sweed,Corporate,hammondjack@example.com,_IKCyM!jX0,cameronscott
KD-16270,Karen Daniels,Consumer,olewis@example.org,7(0Yba4ZQ4,xmarshall
HM-14980,Henry MacAllister,Consumer,dsmith@example.net,dPqypBGo&8,cindybuchanan
JE-15745,Joel Eaton,Consumer,tammypowell@example.org,z+L8QZnrwZ,henrychristopher
KB-16600,Ken Brennan,Corporate,sjimenez@example.com,3r_#3DtarV,edwardclark
SC-20770,Stewart Carmichael,Corporate,qsanders@example.com,$o09&Dffd+,vlewis
DN-13690,Duane Noonan,Consumer,lwhite@example.net,US%UQ7Yc5B,kevinwood
JC-16105,Julie Creighton,Corporate,fbarron@example.com,@UaXpu#$)6,nelsonmatthew
CS-12400,Christopher Schild,Home Office,elizabethrollins@example.com,$(Ejv_lSb6,patelbrittany
PG-18895,Paul Gonzalez,Consumer,melissaallen@example.net,$h4uZ7k4SU,wilcoxanna
GM-14455,Gary Mitchum,Home Office,wwebb@example.net,+ApBYjclR7,orogers
JS-15685,Jim Sink,Corporate,jamespatton@example.net,%!NbY*(u4s,ecollins
KB-16315,Karl Braun,Consumer,stacey85@example.com,LD&8F#byOG,kimberlymccann
RB-19705,Roger Barcio,Home Office,cwalter@example.org,WW71XiTBg+,dlittle
PN-18775,Parhena Norris,Home Office,phenry@example.net,JA2nSrwQI@,sherrimartinez
KD-16345,Katherine Ducich,Consumer,lclark@example.net,he&E5JTa&0,mark84
ER-13855,Elpida Rittenbach,Corporate,poliver@example.org,ez%4WnyS62,roneill
RB-19465,Rick Bensley,Home Office,amandajefferson@example.com,8MLFV+f2)5,brian61
GZ-14470,Gary Zandusky,Consumer,jacobleonard@example.org,&1sKrH9dE7,xfisher
LC-16870,Lena Cacioppo,Consumer,autumnavila@example.org,d9RU5Ids_9,dcole
JM-15250,Janet Martin,Consumer,graysandra@example.com,)#6!AJc80D,kspencer
PA-19060,Pete Armstrong,Home Office,lori12@example.org,#opCCbR8g9,jonesgregory
CV-12805,Cynthia Voltz,Corporate,newmantiffany@example.net,5m8JAiLt%G,carrie92
CL-12565,Clay Ludtke,Consumer,nathanrogers@example.net,TN#6JtvHYz,judy01
RC-19960,Ryan Crowe,Consumer,wandamartinez@example.net,v7ANl*aC%D,galvangregory
DK-13090,Dave Kipp,Consumer,jasonleon@example.org,3HwQiYnk)8,deborahrivera
GG-14650,Greg Guthrie,Corporate,rbell@example.com,u#0H3vQo4z,ngriffith
SC-20725,Steven Cartwright,Consumer,josephmcdonald@example.net,%!e9XdrEq9,adam42
AD-10180,Alan Dominguez,Home Office,william02@example.net,V!ON7VCBhe,delacruzjennifer
PF-19165,Philip Fox,Consumer,wilsoncheryl@example.org,Yzm2TkHI!r,philliphansen
TS-21610,Troy Staebel,Consumer,andrew48@example.org,_n)x6Wfpk1,cwhite
LS-16975,Lindsay Shagiari,Home Office,michael62@example.org,RTGu%9CmV+,vriley
DW-13585,Dorothy Wardle,Corporate,dhall@example.org,_n0IA0k&9l,jeffrey13
LC-16885,Lena Creighton,Consumer,john79@example.net,_PQ+k6Pkif,johnsonjennifer
JD-15895,Jonathan Doherty,Corporate,maria83@example.com,Zo0^zHjBT*,vhowell
SH-19975,Sally Hughsby,Corporate,susan55@example.org,%f1EFko1Ro,yhunt
SG-20080,Sandra Glassco,Consumer,ugarcia@example.org,l@J3Ke!a3g,thompsondawn
HA-14920,Helen Andreada,Consumer,deborah09@example.net,$+_c1%!hJZ,leblancbrian
MG-17680,Maureen Gastineau,Home Office,kimberly54@example.org,Ppq_5Muyjh,rodney46
JE-16165,Justin Ellison,Corporate,deniseaguirre@example.com,2(4eOZugEX,wangrachel
TW-21025,Tamara Willingham,Home Office,moorebrenda@example.com,p%i!V1HsSQ,rchoi
SP-20650,Stephanie Phelps,Corporate,fmartin@example.com,^1cYV*rqCf,chanmariah
NK-18490,Neil Knudson,Home Office,zgriffith@example.com,&j4fTcF$(J,harrisjose
DB-13060,Dave Brooks,Consumer,troach@example.net,4398dfDc#$,tmorrison
NP-18670,Nora Paige,Consumer,javier25@example.com,k37Vt_Q48+,gibsonjames
TT-21070,Ted Trevino,Consumer,tcox@example.org,+(86aRByqI,warejennifer
EM-13960,Eric Murdock,Consumer,chapmantodd@example.com,N)2PoZgr0!,derrick37
RD-19900,Ruben Dartt,Consumer,acampbell@example.org,S++ij7VmTK,maxwalters
MJ-17740,Max Jones,Consumer,kellyhanson@example.net,%eFrVHUZ6t,tyler27
BM-11140,Becky Martin,Consumer,danielhester@example.com,zV2*DKqs^D,emiller
CS-12130,Chad Sievert,Consumer,freemantyler@example.org,)3E%M2Jnt@,arnoldjose
JB-15400,Jennifer Braxton,Corporate,johnlove@example.net,+81YYjtjKR,schultzgary
SJ-20500,Shirley Jackson,Consumer,rmullins@example.net,3@PiO$Xf&L,jonesscott
JK-15640,Jim Kriz,Home Office,davidthomas@example.net,MN^6BBAntS,francokevin
DK-13150,David Kendrick,Corporate,heidi18@example.com,)lRNN_rxJ7,gardnersuzanne
RM-19675,Robert Marley,Home Office,joanyoung@example.org,Qs+)3ZHaBv,mejiajonathan
SK-19990,Sally Knutson,Consumer,rtucker@example.com,++1Bw3Pn^B,johnsonshelby
FM-14290,Frank Merwin,Home Office,perezamy@example.com,8cQZ0lLI^t,slewis
AM-10360,Alice McCarthy,Corporate,nelsonamy@example.org,h)OG2sNS#1,houstongregory
MP-17470,Mark Packer,Home Office,crystaltownsend@example.org,+5(1FU^_%i,caleb96
MZ-17515,Mary Zewe,Corporate,hwest@example.net,2f@3gCqZq7,richard40
CB-12025,Cassandra Brandow,Consumer,hsmith@example.net,$tEDWWIe3%,sarahwoods
VM-21685,Valerie Mitchum,Home Office,glopez@example.com,d_g%PWxU)6,ricefrederick
FH-14365,Fred Hopkins,Corporate,perryrussell@example.net,mx0)cIaqK+,conniecastillo
MB-17305,Maria Bertelson,Consumer,fordjaime@example.com,c5tMaZGT)N,cbanks
BS-11755,Bruce Stewart,Consumer,leecheryl@example.com,HFS&5GlB!&,apatterson
LC-17140,Logan Currie,Consumer,matthewwilliams@example.org,+COEOx1x#5,xhiggins
HK-14890,Heather Kirkland,Corporate,karengardner@example.net,@Zw9Tm9l@Q,angelamills
LE-16810,Laurel Elliston,Consumer,vjuarez@example.org,4$8^#k*q_J,jalexander
JH-15985,Joseph Holt,Consumer,rbrown@example.com,*q6FOR!y1B,susanlopez
MS-17980,Michael Stewart,Corporate,arthur78@example.net,+c_1+Wig1M,daniel23
VW-21775,Victoria Wilson,Corporate,yhunt@example.net,)VL1j2qx^4,krodriguez
JH-15910,Jonathan Howell,Consumer,benjaminaaron@example.org,h9fphEhr@I,jtaylor
JB-15925,Joni Blumstein,Consumer,fvelez@example.net,j_78LgFmU),yschmidt
DS-13180,David Smith,Corporate,pettyeric@example.org,a%)5aZjl%4,craighorne
VD-21670,Valerie Dominguez,Consumer,justin19@example.net,R)5$1LVaQS,michaelwatkins
EA-14035,Erin Ashbrook,Corporate,smithlisa@example.com,S3Ql_)f((o,bwatkins
DB-13120,David Bremer,Corporate,jacobbrown@example.org,#n%3q7Bn&6,zacharyrivas
KL-16645,Ken Lonsdale,Consumer,omcpherson@example.net,$1FxTpfZ^*,jenniferlogan
DW-13480,Dianna Wilson,Home Office,xcamacho@example.net,Xp13YE5t(m,christopherwalker
LH-17155,Logan Haushalter,Consumer,cynthiamiller@example.net,ZQ4EbW%t_p,amysnyder
KC-16540,Kelly Collister,Consumer,linda27@example.org,*ZS3WY_)f2,evansjames
DL-13315,Delfina Latchford,Consumer,iwallace@example.net,0c%KtRDv_t,clairecrane
DR-12880,Dan Reichenbach,Corporate,andrewdaniels@example.net,$9a7Kve2)i,bpennington
CC-12670,Craig Carreira,Consumer,anthony27@example.org,x9F2LTZz(n,floresclayton
Dl-13600,Dorris liebe,Corporate,ambermiller@example.net,f%8QoiFM+D,jkelly
SB-20290,Sean Braxton,Corporate,timothytran@example.com,ty4PiitU_9,feliciabell
RC-19825,Roy Collins,Consumer,wwillis@example.net,#7gM68gMBs,ashleywaters
AH-10210,Alan Hwang,Consumer,hrussell@example.org,(_AkYq%ML9,fnichols
CB-12535,Claudia Bergmann,Corporate,hallfrancisco@example.net,q88PSeE_(_,michael82
CA-12310,Christine Abelman,Corporate,tvalencia@example.net,^HB%(Ps(Y1,steven02
KH-16690,Kristen Hastings,Corporate,mendozaelizabeth@example.org,7^8nPTku^d,pamelajennings
BB-10990,Barry Blumstein,Corporate,ochapman@example.net,$73M0PbsKL,cjimenez
AG-10495,Andrew Gjertsen,Corporate,hsmith@example.com,V%4mLnpf!e,anna27
JO-15280,Jas O'Carroll,Consumer,vanessalong@example.net,%N08HdDjY4,jessica79
AH-10195,Alan Haines,Corporate,pamelamartin@example.net,#oOs8DyL0g,murrayjennifer
NZ-18565,Nick Zandusky,Home Office,brownkatherine@example.org,a&IUO7flkO,kimberly05
KL-16555,Kelly Lampkin,Corporate,aaronbrock@example.com,@^3F2SwcI^,jonesmathew
AS-10225,Alan Schoenberger,Corporate,jose47@example.com,u*1H1RUpVc,santiagodenise
CR-12625,Corey Roper,Home Office,danieljessica@example.net,wgJ&Ansq+8,fosterdavid
SH-20395,Shahid Hopkins,Consumer,michaelyoder@example.org,TY2mXJcfD^,fgarcia
BP-11185,Ben Peterman,Corporate,jamespatel@example.com,#tSsACBW1d,millerkenneth
TS-21205,Thomas Seio,Corporate,hothomas@example.net,1YpQ$vz0@9,paula30
AG-10525,Andy Gerbode,Corporate,adelgado@example.org,7&lUdasi!z,jeffrey36
SP-20860,Sung Pak,Corporate,samuel84@example.net,R+t5J7Hyt^,aaron13
NM-18445,Nathan Mautz,Home Office,mullinskelly@example.org,+&2Lon(f5d,aduncan
FA-14230,Frank Atkinson,Corporate,rodneycurtis@example.net,loT7B7e9$7,abbottjeremy
GK-14620,Grace Kelly,Corporate,shelby18@example.net,$sYuSZN+s2,bryanbarajas
DJ-13510,Don Jones,Corporate,fnguyen@example.com,#K5S5hpjT@,sarah32
PO-18850,Patrick O'Brill,Consumer,hfischer@example.net,f&09WLFp8x,goodmanjohn
JL-15850,John Lucas,Consumer,ian83@example.net,&5^F(cy5eI,brent82
DB-13615,Doug Bickford,Consumer,ahays@example.com,*z6DGNnasj,johnlarsen
AC-10420,Alyssa Crouse,Corporate,bryanjason@example.com,%0ZC#6dett,jenniferclark
CC-12550,Clay Cheatham,Consumer,jasonjohnson@example.net,S4AoOSxn#F,kathy84
TD-20995,Tamara Dahlen,Consumer,ghodge@example.com,o4^MFIok#2,nbrooks
AB-10060,Adam Bellavance,Home Office,elizabethsmith@example.net,OC(zfPGu+4,lovelawrence
JL-15505,Jeremy Lonsdale,Consumer,mcclainjennifer@example.net,G(k4Q+ih5),mosleyjames
VB-21745,Victoria Brennan,Corporate,hubbardrhonda@example.org,aW40MFx%%),michelle42
KW-16435,Katrina Willman,Consumer,andrearodriguez@example.net,qe0fCGf5Z@,turnerjessica
JD-16060,Julia Dunbar,Consumer,deborahrowland@example.org,%TNZaadgM6,mccormickwilliam
MK-17905,Michael Kennedy,Corporate,datkinson@example.net,%b4(Ufzss8,pwang
GT-14755,Guy Thornton,Consumer,hallariel@example.com,_t81EMk7Kv,matthewcummings
AG-10900,Arthur Gainer,Consumer,dwolfe@example.org,LB#1NPmQ!s,tcopeland
MM-18280,Muhammed MacIntyre,Corporate,heather49@example.com,6FWH3US5#h,walkerjamie
AR-10405,Allen Rosenblatt,Corporate,sandyzuniga@example.org,)3WurfJgOX,tracy52
RA-19915,Russell Applegate,Consumer,rebecca18@example.com,^v27Ketnz^,garzacody
AS-10285,Alejandro Savely,Corporate,benjamin45@example.com,$qT2SRt+2+,william00
LA-16780,Laura Armstrong,Corporate,blee@example.net,BbO(1MvIKl,umullins
DO-13435,Denny Ordway,Consumer,xcarter@example.com,^Y2VSJiV!9,edwardserica
DK-13225,Dean Katz,Corporate,brendakim@example.net,(3ozJXgbi8,wwelch
NG-18430,Nathan Gelder,Consumer,harveydustin@example.org,8oDAGfq5&7,williamsemily
MV-18190,Mike Vittorini,Consumer,kevinbowman@example.org,%xR8pNV422,david93
JG-15115,Jack Garza,Consumer,vmoore@example.com,#0r^5ROhsB,robert43
BP-11095,Bart Pistole,Corporate,angela57@example.net,^YSWzbd31^,mullinsjoseph
VP-21730,Victor Preis,Home Office,jamesbaker@example.org,%prKyugn(1,jillmiller
SS-20140,Saphhira Shifley,Corporate,kleindiane@example.org,#00DljRdmW,patricia27
AG-10675,Anna Gayman,Consumer,andersonmary@example.net,(6x#wFsC69,martinsusan
LF-17185,Luke Foster,Consumer,mitchellmelanie@example.org,2n1E3Jq7*J,zromero
RF-19840,Roy Französisch,Consumer,ioconnor@example.com,A@AkIkbX$1,richardchavez
KH-16510,Keith Herrera,Consumer,jacqueline33@example.com,Q%$44HRfcn,obennett
KC-16675,Kimberly Carter,Corporate,kristy32@example.net,%ONIeAZdJ0,cameronbrown
CJ-12010,Caroline Jumper,Consumer,jeff26@example.org,OCAwj%Cy$5,stevenknapp
PB-19150,Philip Brown,Consumer,gallowaypatricia@example.org,G!e0eVUlh+,rachaelrivera
MP-17965,Michael Paige,Corporate,mendozacesar@example.net,A)*R7Jw8EQ,brentfreeman
NF-18385,Natalie Fritzler,Consumer,casey21@example.net,VODuvV9d(0,calderonchristine
SD-20485,Shirley Daniels,Home Office,janetbrown@example.com,*W*g1Xxf#t,elizabethbaird
KH-16630,Ken Heidel,Corporate,laurarubio@example.net,59N(WXlX#f,ritterchristopher
RB-19795,Ross Baird,Home Office,qdiaz@example.com,yuq1IPXt^e,ugibson
MK-18160,Mike Kennedy,Consumer,carterstephanie@example.net,Lgm0j2SMa@,crystaldavis
PO-19180,Philisse Overcash,Home Office,alexa80@example.com,Su00LFDiu!,robinsimmons
BB-11545,Brenda Bowman,Corporate,brianmora@example.net,Mj7DLT_D+^,glewis
TB-21595,Troy Blackwell,Consumer,rachel75@example.net,w++ur6Xp*a,uharris
RB-19360,Raymond Buch,Consumer,hendersonemily@example.com,yw2OCeLr!^,eddie06
EB-13705,Ed Braxton,Corporate,william20@example.net,r4lM1off%F,tsanchez
SC-20095,Sanjit Chand,Consumer,amason@example.com,K+4zsCV_Mm,gstewart
TN-21040,Tanja Norvell,Home Office,kempbrandy@example.com,mho+2GzvW#,ctaylor
JS-15940,Joni Sundaresam,Home Office,jonathan26@example.com,Qf93Erafr@,samantha05
MH-17785,Maya Herman,Corporate,daniel52@example.net,*8ZqL(IwS6,lzuniga
JP-15520,Jeremy Pistek,Consumer,terri67@example.org,*Y+EpQLEl4,melissakhan
JE-15475,Jeremy Ellison,Consumer,johnstondarlene@example.net,xBe1GDddm^,ryan24
JG-15805,John Grady,Corporate,madisonbyrd@example.com,TjU0GF+qz_,rileydanielle
XP-21865,Xylona Preis,Consumer,thorntonmary@example.com,)31XvJ9Rym,zbaker
EM-14065,Erin Mull,Consumer,vargasnathan@example.com,)53mrGoP%l,johnpineda
MT-18070,Michelle Tran,Home Office,lclark@example.org,j(!J3Rhc&y,joseph50
SA-20830,Sue Ann Reed,Consumer,vnorris@example.org,+JZydsmHD6,davisrebecca
CW-11905,Carl Weiss,Home Office,kellytorres@example.net,&i+4jMg*Xo,mendozalisa
AJ-10960,Astrea Jones,Consumer,rossmichelle@example.com,Z814IeUg(+,dianasanford
SS-20590,Sonia Sunley,Consumer,donnawalton@example.com,_^3xB6m#%i,robert09
RO-19780,Rose O'Brian,Consumer,mcgeebrian@example.com,28@g9Hajb_,christopherkirk
MD-17350,Maribeth Dona,Consumer,angelaowen@example.com,@6LxhYE6_u,heidimitchell
MY-17380,Maribeth Yedwab,Corporate,hayesdavid@example.net,u9+^XDf9^U,qobrien
CM-12385,Christopher Martinez,Consumer,cthompson@example.net,YaWpcWAY+4,carrie78
LS-17245,Lynn Smith,Consumer,andersonjames@example.org,)7SVAn!y0#,tamaragarcia
BN-11515,Bradley Nguyen,Consumer,stewartalexa@example.com,Hz1G^Jqv)q,frank85
DB-13210,Dean Braden,Consumer,riddlejeffrey@example.com,(3+Rvu15)2,richardscorey
MC-17605,Matt Connell,Corporate,mayjustin@example.net,&092A6EmAa,smithlori
BD-11605,Brian Dahlen,Consumer,bholmes@example.com,)@f6$QbYh*,tshannon
PH-18790,Patricia Hirasaki,Home Office,fcarpenter@example.net,yjA@2J0q5X,porterrenee
MG-18145,Mike Gockenbach,Consumer,meghanharris@example.org,!%JbC9U2Ya,stephen66
KB-16240,Karen Bern,Corporate,ustewart@example.com,@VCp4h0eb7,fsmith
JC-15340,Jasper Cacioppo,Consumer,scott43@example.com,#9(oG27Wmg,shellymoon
RL-19615,Rob Lucas,Consumer,sherry36@example.org,!*b9HhZDSc,jacksonrichard
AA-10375,Allen Armold,Consumer,martinezlisa@example.com,dk29Salp4),barnesscott
EP-13915,Emily Phan,Consumer,luis74@example.net,Q2ZI7sHt_A,kmiranda
DK-12985,Darren Koutras,Consumer,sandra76@example.com,c^_29Usi&B,molinageoffrey
BD-11500,Bradley Drucker,Consumer,stewartjoseph@example.org,(4yVW#_a2E,cpeterson
LM-17065,Liz MacKendrick,Consumer,davidanderson@example.net,Z3**3)Wwxw,bowenjacqueline
AS-10135,Adrian Shami,Home Office,hannah40@example.org,c9G1Sru1Z+,jaywerner
BD-11320,Bill Donatelli,Consumer,rosstony@example.org,@Z1F8HRaI_,ccarter
GT-14710,Greg Tran,Consumer,mallory85@example.com,9+0UX8ia@V,thomasbrittany
AJ-10945,Ashley Jarboe,Consumer,elizabeth72@example.org,stDW!hGA!5,kimberly97
OT-18730,Olvera Toch,Consumer,teresafisher@example.org,c^z3Y9Zxhb,matthew59
LP-17080,Liz Pelletier,Consumer,davidclark@example.org,E*6Qi9eh)Y,igraham
CA-12775,Cynthia Arntzen,Consumer,butlerstephen@example.net,4_73gBn#f&,james84
JF-15490,Jeremy Farry,Consumer,rachelmccarthy@example.com,)9KF!qk)@3,donna06
FP-14320,Frank Preis,Consumer,hughestracy@example.net,^(0JjbWr2L,cynthia23
EB-13840,Ellis Ballard,Corporate,htanner@example.com,r&6EwueB&#,chodges
JF-15415,Jennifer Ferguson,Consumer,elowe@example.com,S)Y7nRio@t,maxwelljennifer
SF-20200,Sarah Foster,Consumer,lauratrevino@example.net,F5XLSlQ((M,smithshannon
TG-21640,Trudy Glocke,Consumer,mooreteresa@example.com,mXOM2fZk(%,jamesgonzalez
CS-11950,Carlos Soltero,Consumer,donnamorris@example.org,*7k0P^#duM,jacqueline67
CC-12145,Charles Crestani,Consumer,abbottkristen@example.org,_5aCPIAhnk,mackisaac
DV-13465,Dianna Vittorini,Consumer,kelleyjulia@example.com,$4Gp$4tV3o,dhill
BD-11725,Bruce Degenhardt,Consumer,sanchezgregory@example.com,+uXYxdCc21,craigsharon
ZC-21910,Zuschuss Carroll,Consumer,ygardner@example.net,X@a7IZ!5)v,brookeking
MS-17830,Melanie Seite,Consumer,oconnorjustin@example.org,jF8H657cJ#,fischersierra
LR-16915,Lena Radford,Consumer,smithlaurie@example.net,#SPHmma13M,lloydmelissa
TP-21130,Theone Pippenger,Consumer,jennifer86@example.com,xSYn0AxHp!,larry82
CK-12205,Chloris Kastensmidt,Consumer,barneswilliam@example.org,BzxwD8rj)3,juliebrown
AS-10240,Alan Shonely,Consumer,scott21@example.com,@8PX)ib(VH,brian40
AR-10510,Andrew Roberts,Consumer,leslie61@example.com,)yRnF)n(F4,millsvanessa
NB-18655,Nona Balk,Corporate,coleshane@example.net,M1by2HKp!),taylorbecker
GD-14590,Giulietta Dortch,Corporate,nicholaslarsen@example.org,nG@B3L6j&l,rbright
CK-12595,Clytie Kelty,Consumer,jasonbraun@example.com,7n4G%5Ws)J,singhjamie
NG-18355,Nat Gilpin,Corporate,rebeccajohnson@example.com,8(*Z7MXfd0,jonathansutton
CA-12265,Christina Anderson,Consumer,patriciayoung@example.net,+09D!h1oN&,schultztony
SF-20965,Sylvia Foulston,Corporate,bhester@example.org,BzIN9*in%1,gperry
MO-17800,Meg O'Connel,Home Office,michaelgarcia@example.com,jvZ9r8Ph&),valeriewalton
AT-10735,Annie Thurman,Consumer,michaelkelly@example.org,oVkJW9iQ%5,perezpaul
FM-14380,Fred McMath,Consumer,greenbrittany@example.net,G8jdGPdg$H,margaret91
DJ-13420,Denny Joy,Corporate,taylorjody@example.org,^FMoWKEs87,osbornthomas
ME-17725,Max Engle,Consumer,marymyers@example.com,!q4SLr8o7O,lvelez
JD-16150,Justin Deggeller,Corporate,nbryan@example.org,l!i#66ZzsQ,allencassidy
JL-15835,John Lee,Consumer,williamschristopher@example.net,^aP17G)x1y,stephanie12
SC-20305,Sean Christensen,Consumer,gpetersen@example.com,D(8RpF^h63,mjarvis
CC-12430,Chuck Clark,Home Office,ericlane@example.com,2m4vNDR#%c,cbeck
AR-10825,Anthony Rawles,Corporate,kelly90@example.net,SX)CG*qh)8,stephen47
SR-20740,Steven Roelle,Home Office,uwood@example.com,f!62Q8YxMk,qdiaz
CR-12730,Craig Reiter,Consumer,johnwhite@example.net,)c!DB2n1h2,thomasmichelle
EH-14125,Eugene Hildebrand,Home Office,davenportemily@example.com,V1_DLPhR_^,bwalker
SP-20545,Sibella Parks,Corporate,amandavaldez@example.com,%rWB&PeJP6,rogersbrandy
TH-21235,Tiffany House,Corporate,zowens@example.org,#eT(wpmc_8,ccline
RP-19390,Resi Pölking,Consumer,thomasandrea@example.com,@H1Kcp%uH),alexander40
RB-19570,Rob Beeghly,Consumer,rodriguezmichael@example.com,Hh&*3SOk5$,pbates
CD-11980,Carol Darley,Consumer,bmcintosh@example.com,K#$1V9nZsD,mitchelldaniel
DJ-13630,Doug Jacobs,Consumer,stewartrenee@example.org,BR3WlddKb*,johngutierrez
GT-14635,Grant Thornton,Corporate,meyerbarbara@example.com,El&2LMHgjn,noaharellano
MC-17845,Michael Chen,Consumer,mooredenise@example.org,+y0x7xMdhT,jennarice
RA-19285,Ralph Arnett,Consumer,tammymercer@example.net,cISb_2rr+3,lauren60
NP-18325,Naresj Patel,Consumer,donald17@example.org,g!c2Qk*kLu,dylanedwards
AB-10165,Alan Barnes,Consumer,dwayne61@example.net,&XZI0Fmo9k,karen82
JO-15550,Jesus Ocampo,Home Office,davidlowe@example.org,@$19Kc^bEE,alyssa29
JK-15370,Jay Kimmel,Consumer,browntiffany@example.org,t#8Dtclhp9,jerry57
BN-11470,Brad Norvell,Corporate,zacharyarnold@example.net,p+n@7UhPBf,traceymolina
DP-13165,David Philippe,Consumer,farmstrong@example.org,@aO0V!%q^8,courtney70
TH-21550,Tracy Hopkins,Home Office,kendracopeland@example.com,o7nKzUvG&^,cindy16
AP-10915,Arthur Prichep,Consumer,troyjones@example.net,%pWKMQUo*5,william76
RS-19765,Roland Schwarz,Corporate,tony62@example.org,&zTQ9uS1X8,troylopez
SV-20365,Seth Vernon,Consumer,greenryan@example.org,#7B4!RelI5,lsmith
CK-12325,Christine Kargatis,Home Office,dmata@example.com,(2+MgSv%dE,qlawrence
RD-19810,Ross DeVincentis,Home Office,garynolan@example.org,3EOFTOJh(^,ryan48
MR-17545,Mathew Reese,Home Office,michaelfloyd@example.com,J2AKml*f($,wgomez
SC-20695,Steve Chapman,Corporate,debralynch@example.com,B6BEeUQo%r,danielpatton
JF-15355,Jay Fein,Consumer,danielle07@example.net,*S)s2N!jg7,lholmes
EG-13900,Emily Grady,Consumer,caitlinhale@example.com,J)R&8Kougz,christopher00
DS-13030,Darrin Sayre,Home Office,gomezheather@example.com,#BH2gi6qH7,helenscott
PO-19195,Phillina Ober,Home Office,znguyen@example.net,20EUxPOP+4,jasonpitts
SS-20875,Sung Shariari,Consumer,dylan50@example.net,h9!fZbYL#f,alicia71
PB-19105,Peter Bühler,Consumer,tony51@example.com,&m2b4)GxVh,iturner
RF-19735,Roland Fjeld,Consumer,tylerjones@example.org,4^5aoA5Kxl,tmacdonald
YC-21895,Yoseph Carroll,Corporate,juan49@example.net,!(7(r5TodC,cgay
DC-13285,Debra Catini,Consumer,kimberly17@example.org,h$52EYWcus,adamsandrew
CP-12340,Christine Phan,Corporate,lyoung@example.net,+U#j%fuR$4,boltonryan
BF-11020,Barry Französisch,Corporate,wayne96@example.org,D&3QnpNU9R,amber51
LH-17020,Lisa Hazard,Consumer,mcneilrodney@example.net,W026_HBsj%,vtorres
CS-12250,Chris Selesnick,Corporate,benjaminhernandez@example.org,$_GajFrOn3,brendanblanchard
AJ-10795,Anthony Johnson,Corporate,samuel11@example.com,2DDlDJnq@i,matthewpeterson
BV-11245,Benjamin Venier,Corporate,donnahorton@example.com,5LO0C)nj%8,wdavis
DL-12865,Dan Lawera,Consumer,reneethompson@example.net,g#81LWjM#n,josephwilliams
BM-11785,Bryan Mills,Consumer,cookshawn@example.org,(8qKIgsx&u,rskinner
LT-17110,Liz Thompson,Consumer,archerdeborah@example.org,_WJRzAKU4n,dylan06
JK-15730,Joe Kamberova,Consumer,jeremy59@example.com,X9v4RGOr#r,carrtiffany
ES-14020,Erica Smith,Consumer,curtis87@example.net,*z+ROMoG8(,kimberlyballard
RH-19495,Rick Hansen,Consumer,anne90@example.net,k03okqPf&y,hvalenzuela
CD-11920,Carlos Daly,Consumer,elizabeth14@example.org,(c07Cyhe7*,daycatherine
HW-14935,Helen Wasserman,Corporate,rturner@example.org,0rcAubsB!4,amandazhang
MC-18130,Mike Caudle,Corporate,philliporozco@example.com,^w(4CBlvhd,donalddavis
GM-14440,Gary McGarr,Consumer,trevorvalentine@example.net,t_(6SXbld3,mistykline
PJ-19015,Pauline Johnson,Consumer,pgarcia@example.com,M8mJZfne$I,kelly21
BW-11110,Bart Watters,Corporate,sydneydiaz@example.com,+G8BAzFHlu,fhunt
TR-21325,Toby Ritter,Consumer,lauren45@example.com,o!wH9BBs1@,gary53
PG-18820,Patrick Gardner,Consumer,tlong@example.net,#PI0PEa4Pl,renee16
JL-15175,James Lanier,Home Office,gabriela17@example.org,!#11kIyt!B,brian24
BM-11650,Brian Moss,Corporate,idelacruz@example.org,lvFbQvbP(9,williamdalton
EM-14095,Eudokia Martin,Corporate,jackmcdaniel@example.com,_R^NKFlkg8,robertprice
AF-10885,Art Foster,Consumer,ugallagher@example.net,_z%3R#Brh&,paynejustin
GA-14725,Guy Armstrong,Consumer,hickskatie@example.org,pS9FPn7zo(,kathyedwards
CK-12760,Cyma Kinney,Corporate,stonekathleen@example.com,9r1fkfIbm%,florespatricia
DP-13105,Dave Poirier,Corporate,zcole@example.net,)sx9Vhcfmb,drew24
BK-11260,Berenike Kampe,Consumer,pstokes@example.net,%9ZiBDgkij,christinagaines
SJ-20125,Sanjit Jacobs,Home Office,butlersusan@example.net,)(E4jKcU8K,sullivanblake
CM-12445,Chuck Magee,Consumer,zjohnson@example.org,eM+e)68g^+,tiffany08
AJ-10780,Anthony Jacobs,Corporate,smithwanda@example.net,@&7MKJffR%,nathandillon
LS-16945,Linda Southworth,Corporate,padillaphillip@example.net,!Y3v^EZx^K,schmidtrobert
GP-14740,Guy Phonely,Corporate,brandonthornton@example.net,+E^1MRQcQA,mitchellfoster
PK-18910,Paul Knutson,Home Office,katherinepreston@example.net,*BZHj8Qnq#,reiddavid
SM-20005,Sally Matthias,Consumer,julie26@example.net,+i2rO3wxA0,ywilliams
AG-10765,Anthony Garverick,Home Office,teresa13@example.net,!lL4BA8lM3,eschmitt
PM-19135,Peter McVee,Home Office,james78@example.net,(2AS5sXn%$,christina89
LL-16840,Lauren Leatherbury,Consumer,jacobcrawford@example.net,K0*jMc&y@I,haley38
JS-15595,Jill Stevenson,Corporate,knoxmorgan@example.org,p4*9I0x*b%,stephenhopkins
EL-13735,Ed Ludwig,Home Office,tiffany15@example.org,LK40ZlPY*z,veronicapeterson
PC-18745,Pamela Coakley,Corporate,jenniferroberts@example.net,+NMf50PaqF,ecarson
HL-15040,Hunter Lopez,Consumer,brittany12@example.com,IT^W4hIu%b,jjacobs
MS-17365,Maribeth Schnelling,Consumer,lkirby@example.com,$s@%2uIazf,williamskatherine
GB-14530,George Bell,Corporate,xjimenez@example.org,*bH#gnC_1L,lynnjackson
JR-16210,Justin Ritter,Corporate,lopezmichael@example.com,6*2uXB7v$N,uwalker
BE-11335,Bill Eplett,Home Office,caitlynfox@example.net,2%ME4FiLwZ,sbaker
SC-20050,Sample Company A,Home Office,samantha37@example.com,&RpHKw1e(9,ellisonjeremy
RW-19630,Rob Williams,Corporate,courtney50@example.org,)*s0dW+b39,mnguyen
SE-20110,Sanjit Engle,Consumer,ianderson@example.com,6JiSmd$I+G,holly88
AH-10075,Adam Hart,Corporate,alogan@example.net,+)ZDm^hgb6,haasdarren
JM-15535,Jessica Myrick,Consumer,wcoleman@example.org,$7AftNINMm,fieldschristopher
JJ-15760,Joel Jenkins,Home Office,trevorle@example.com,I^7M5OkYZ&,villegasandrea
RK-19300,Ralph Kennedy,Consumer,cantrellzachary@example.org,woN$5Fret$,joe62
CG-12040,Catherine Glotzbach,Home Office,buckleysara@example.net,u#1&ZJWj)q,maddentammy
RP-19270,Rachel Payne,Corporate,conniegraves@example.org,@cRx_izll7,daniel43
KC-16255,Karen Carlisle,Corporate,pstewart@example.org,qS7PC5Ef(_,amberclark
KH-16360,Katherine Hughes,Consumer,robincasey@example.net,Jm7JKeDY2@,abyrd
GH-14665,Greg Hansen,Consumer,thomaslane@example.org,+qZqi@GSW3,shannon63
SW-20275,Scott Williamson,Consumer,malonebrooke@example.com,#!)QmNDMx0,josemendoza
JA-15970,Joseph Airdo,Consumer,gregory74@example.com,#0yQk%1#f2,gilberthunter
DL-12925,Daniel Lacy,Consumer,rkline@example.net,83(ySlwb&t,rwilson
LW-16990,Lindsay Williams,Corporate,john16@example.com,b*b8DlxVF),jamie09
TB-21190,Thomas Brumley,Home Office,benjamin63@example.com,)(VYyNsV!0,rmoore
BS-11800,Bryan Spruell,Home Office,jasmine87@example.com,z@GZ#7Mq(w,gaystephanie
RW-19690,Robert Waldorf,Consumer,mark85@example.net,$1R3Th$dLm,ghill
TZ-21580,Tracy Zic,Consumer,rmorris@example.org,(dT6Tq5tX4,victoria64
AS-10630,Ann Steele,Home Office,brownmichele@example.org,&D7&+ZDynn,nicholas15
TS-21340,Toby Swindell,Consumer,hannahcunningham@example.com,Hjp9P@Mr)l,mharding
SL-20155,Sara Luxemburg,Home Office,karenmejia@example.org,$vfgrAXQV2,pnorris
MW-18235,Mitch Willingham,Corporate,leelacey@example.net,!16X2CthW4,christinarodriguez
RD-19585,Rob Dowd,Consumer,bradley54@example.org,F)8B^GuP^b,zachary80
RA-19945,Ryan Akin,Consumer,connorcampbell@example.org,&TUSBczyI3,yatescorey
MT-17815,Meg Tillman,Consumer,adam45@example.org,_q^GCMnGg1,mitchellandrews
VG-21790,Vivek Gonzalez,Consumer,perezvalerie@example.com,(UQHeoE%72,amber92
JS-15880,John Stevenson,Consumer,hernandezamanda@example.org,A7Tvbk6G&f,davidpowell
KM-16225,Kalyca Meade,Corporate,andersonkristina@example.com,v7%NG+D((1,ehernandez
HR-14770,Hallie Redmond,Home Office,hbarber@example.com,@Vj@DDAfV4,jburke
DE-13255,Deanra Eno,Home Office,corey58@example.org,!y7VW9UvX+,drich
AG-10390,Allen Goldenen,Consumer,samuelgonzalez@example.net,RwMMoWM_&4,palmerandrea
JJ-15445,Jennifer Jackson,Consumer,qedwards@example.org,^uJZWAScK5,david74
JH-15430,Jennifer Halladay,Consumer,sturner@example.net,F5Lz9CfA@g,sharpamy
RD-19660,Robert Dilbeck,Home Office,garciastephanie@example.com,^4LJm#d8^&,katie07
MO-17500,Mary O'Rourke,Consumer,xknight@example.org,%^zZ7Ncr)3,ybrown
NS-18640,Noel Staavos,Corporate,jack20@example.org,o7tIRp1r&B,samanthachambers
DG-13300,Deirdre Greer,Corporate,williamsheather@example.org,pV6DPoBHG(,umarshall
NF-18595,Nicole Fjeld,Home Office,collierkimberly@example.net,8RHN$Boo!%,wilsonamber
MG-17650,Matthew Grinstein,Home Office,nancybutler@example.org,83M*c5Ub!0,hannatimothy
TS-21160,Theresa Swint,Corporate,jenniferkennedy@example.com,_STeY%dUC6,william88
BD-11620,Brian DeCherney,Consumer,bthompson@example.net,SgG_T6Yk$1,gloria64
CM-12160,Charles McCrossin,Consumer,kathleencook@example.com,#$#Vk%ff61,omyers
SN-20560,Skye Norling,Home Office,hunttravis@example.net,B@kqg3JiVt,brichmond
EH-14005,Erica Hernandez,Home Office,andersonkenneth@example.net,0dJmJjJu_C,larajasmine
FO-14305,Frank Olsen,Consumer,williambray@example.com,U#1xTFmht6,dominicmonroe
MS-17710,Maurice Satty,Consumer,cdavis@example.net,*lDG5SyqE1,jschmidt
CC-12100,Chad Cunningham,Home Office,chad28@example.org,5um6nLMr*&,gsmith
DW-13540,Don Weiss,Consumer,julianichols@example.org,$9#poMvxL^,jbender
BT-11395,Bill Tyler,Corporate,johnsonlaurie@example.net,4L@#9uPa_9,jeffrey27
CY-12745,Craig Yedwab,Corporate,antoniofrank@example.com,ZVS4uw^8%2,christian40
BT-11485,Brad Thomas,Home Office,saracrawford@example.org,0QyUiqQa+9,mmoore
PS-19045,Penelope Sewall,Home Office,mckenzieferguson@example.com,o2LeYTCu%^,nyoung
PV-18985,Paul Van Hugh,Home Office,smiller@example.org,c0R7!9Nasu,alex54
NM-18520,Neoma Murray,Consumer,timothyrobles@example.net,QMurvjwl+8,shaneparsons
DL-13495,Dionis Lloyd,Corporate,jenniferanderson@example.com,$6L1WDYy)(,robertle
CS-12355,Christine Sundaresam,Consumer,daniel40@example.com,ZS4V+EXx*Z,bswanson
FH-14275,Frank Hawley,Corporate,billybaldwin@example.org,@@BmGUnwG9,zbrown
NC-18340,Nat Carroll,Consumer,vickiehendricks@example.com,C06TEhJc%(,zthompson
AA-10315,Alex Avila,Consumer,patrick06@example.net,b^13MqWxZB,justin95
LT-16765,Larry Tron,Consumer,anthony88@example.com,1HAK0)w%_b,sean93
AP-10720,Anne Pryor,Home Office,munozrebecca@example.org,b&22wYe2ow,taylorbrittany
PM-18940,Paul MacIntyre,Consumer,emily43@example.com,Ji2(5ZnrD$,agreen
AT-10435,Alyssa Tate,Home Office,kaylaking@example.org,d*)OUr$B_4,jeremiahlogan
CA-12055,Cathy Armstrong,Home Office,smithnicholas@example.net,5i6lQxhb^J,nbowen
HR-14830,Harold Ryan,Corporate,andrewgonzalez@example.net,HdR6F1qWY&,ramirezjulie
BT-11530,Bradley Talbott,Home Office,jlowe@example.com,Q02N+bjqi!,halecasey
LH-16750,Larry Hughes,Consumer,strongalexis@example.net,kk&8tbZon%,marychavez
SW-20755,Steven Ward,Corporate,brett80@example.net,+07CawvgKv,pamela27
SP-20620,Stefania Perrino,Corporate,bennetttracy@example.com,%#S$h@K*^6,gbarr
BF-11170,Ben Ferrer,Home Office,myerschristine@example.net,vy795gSj+1,jasmine33
KT-16480,Kean Thornton,Consumer,danieldiaz@example.net,yc65XDnel!,lisa65
BG-11695,Brooke Gillingham,Corporate,jeremy60@example.org,hHqc*7ipz$,marcuslindsey
GM-14680,Greg Matthias,Consumer,sbowen@example.net,*97Gn*tX&4,betty38
EJ-14155,Eva Jacobs,Consumer,msloan@example.com,(6fiLzw!AV,sarah44
NP-18700,Nora Preis,Consumer,garygriffin@example.net,+U59CGd10$,egarcia
MH-18115,Mick Hernandez,Home Office,ohenry@example.com,R9BTUTYg#%,connielowery
JR-15700,Jocasta Rupert,Consumer,gillespiejeremiah@example.com,c&X4jPmG_G,caroljohnson
SM-20950,Suzanne McNair,Corporate,edward93@example.com,R(8YVRsdjr,fishercameron
CC-12220,Chris Cortes,Consumer,timothy62@example.org,lZ5Ju&DWl$,lisacameron
PF-19225,Phillip Flathmann,Consumer,richardquinn@example.org,(W8G!iSn^(,shortjeffery
DC-12850,Dan Campbell,Consumer,melaniedominguez@example.org,3Z42TSixw_,tammy00
BD-11770,Bryan Davis,Consumer,joelgarza@example.net,er8ueTMy_),owise
GM-14500,Gene McClure,Consumer,jallen@example.com,N@dSApQw)8,hernandezedwin
TB-21355,Todd Boyes,Corporate,sara58@example.com,+d)d4PSkTk,robertgraham
JH-16180,Justin Hirsh,Consumer,nthompson@example.com,+7HkN8evmG,qharris
EB-13975,Erica Bern,Corporate,jennifer41@example.com,mn3Wm)r7B),henryhatfield
QJ-19255,Quincy Jones,Corporate,xwilson@example.net,%Q1GKM%af5,barbara98
TC-21535,Tracy Collins,Home Office,michellehopkins@example.net,mA2A#^vp$#,lcummings
CS-12460,Chuck Sachs,Consumer,hhudson@example.com,&tfG#Dqz^6,robert04
HG-14965,Henry Goldwyn,Corporate,rray@example.com,!Z2eCyez+b,richard59
LW-16825,Laurel Workman,Corporate,christopher97@example.net,3@tkSLn@$t,tracy46
MC-17575,Matt Collins,Consumer,jeanette93@example.net,4dXJkfrT&x,kberger
LP-17095,Liz Preis,Consumer,ericajackson@example.org,#$9p+Ll8UX,wmeyer
EB-14170,Evan Bailliet,Consumer,michaelmendoza@example.net,1_UIt$(3*e,adiaz
GZ-14545,George Zrebassa,Corporate,michael81@example.net,U#4BDLhMaw,jordanolson
CP-12085,Cathy Prescott,Corporate,carlsondean@example.org,@3RCFGXsMt,parkerdenise
FG-14260,Frank Gastineau,Home Office,corey12@example.com,jUTq1VZz*H,stephanie00
LD-17005,Lisa DeCherney,Consumer,shawtodd@example.org,28Z0Iari@3,jonathanmcmillan
AB-10255,Alejandro Ballentine,Home Office,thomasrusso@example.com,(vBBetQT39,kennethshaw
MN-17935,Michael Nguyen,Consumer,durhamtiffany@example.net,fD0hQQSiY(,sotokatherine
JR-15670,Jim Radford,Consumer,valdezmichael@example.net,(t0OWv8RKD,perezjulie
JF-15190,Jamie Frazer,Consumer,pughjames@example.net,9*%n7Lms(J,cookpatty
CM-12115,Chad McGuire,Consumer,ewu@example.org,7f*w(NwM&N,egallegos
AS-10045,Aaron Smayling,Corporate,staffordwilliam@example.com,!Q8zNjVY5f,tranalexandra
BP-11290,Beth Paige,Consumer,kbean@example.net,PHz0ARpv!v,yvette12
ND-18370,Natalie DeCherney,Consumer,hevans@example.net,)VHl5Q&e^q,qduncan
LB-16735,Larry Blacks,Consumer,erica73@example.com,!WQFE88b4&,lewisdaniel
KT-16465,Kean Takahito,Consumer,starkbenjamin@example.com,O85kdZOl@(,kpatton
HM-14860,Harry Marie,Corporate,gina78@example.org,W%m1CpNlQ1,brianhayes
AB-10600,Ann Blume,Corporate,sharonarmstrong@example.org,$C6aTcLh+I,leah22
SZ-20035,Sam Zeldin,Home Office,rebeccadickson@example.org,q$6_GOysni,timothy98
MG-17890,Michael Granlund,Home Office,brian70@example.com,YAQO7aZA@8,taylormichael
JK-16120,Julie Kriz,Home Office,ybryant@example.net,p^f5F9(aJ*,andersenbrett
PP-18955,Paul Prost,Home Office,robbinsronald@example.com,x!_4Hq0z_H,paul08
YS-21880,Yana Sorensen,Corporate,william50@example.org,@1Lv#%XQ^i,uhensley
KM-16375,Katherine Murray,Home Office,ylloyd@example.net,4)g!Yyub_L,greenestacy
AB-10105,Adrian Barton,Consumer,tammy91@example.org,1$GhrsKh*n,huangethan
HA-14905,Helen Abelman,Consumer,robertgomez@example.net,45WbuszP#N,matthewburnett
BT-11305,Beth Thompson,Home Office,xwelch@example.org,b9J&lDho!9,nmorgan
SV-20815,Stuart Van,Corporate,jasmine51@example.net,c1UC9*vf%k,travisdestiny
RW-19540,Rick Wilson,Corporate,allison13@example.net,%z9V(!zN0a,makayla50
DK-12835,Damala Kotsonis,Corporate,robertsmith@example.net,!ds^+WYS68,tiffany56
ST-20530,Shui Tom,Consumer,catherine84@example.com,SI2AAifj#O,stephaniehughes
MM-17920,Michael Moore,Consumer,francisco93@example.org,p03U%tda#F,brendabray
PW-19030,Pauline Webber,Corporate,leecourtney@example.org,+)$7PXjpnL,petersmichael
SC-20440,Shaun Chance,Corporate,xhoward@example.org,w#5Id%Pcav,aprilwilliams
TS-21085,Thais Sissman,Consumer,stephen97@example.net,y3&MeH5d%g,simpsonstephen
MC-17425,Mark Cousins,Corporate,skinnermatthew@example.org,E^m2XTy0@9,ymckinney
ME-17320,Maria Etezadi,Home Office,youngdaniel@example.com,$w3LiNGqz2,thomasbenjamin
NH-18610,Nicole Hansen,Corporate,westabigail@example.org,$Qa4HMeahm,robertsaaron
MB-18085,Mick Brown,Consumer,darrell64@example.net,7%x+9k1j7H,anthonygood
KD-16495,Keith Dawkins,Corporate,markschristopher@example.org,&)NJVL6jj4,hintonbrianna
KN-16390,Katherine Nockton,Corporate,delgadonancy@example.net,P*j1#7Fl#L,derek12
NP-18685,Nora Pelletier,Home Office,kevinyates@example.net,y$$Xy0uxfG,cathyfry
CS-12505,Cindy Stewart,Consumer,daniel79@example.com,)hP3j5Cs*3,ballen
MS-17770,Maxwell Schwartz,Consumer,ganderson@example.net,(kCsWWKi#6,ebrown
CM-12655,Corinna Mitchell,Home Office,laura49@example.org,7lSOgk&j*0,kimberlymelton
Co-12640,Corey-Lock,Consumer,hoffmanrichard@example.org,p^4Ebl7pKS,ricardo93
TS-21370,Todd Sumrall,Corporate,johnsoncheryl@example.com,xSHFS0aO!5,ryan63
JW-15220,Jane Waco,Corporate,robert91@example.org,RKFqcESf%2,scott83
JD-15790,John Dryer,Consumer,dsexton@example.org,Mur0BpKi&6,coltonpalmer
PC-19000,Pauline Chand,Home Office,qcampbell@example.net,)LI+Pb!pT3,lisafigueroa
AR-10540,Andy Reiter,Consumer,marypotter@example.net,@$1qBaWfBJ,wrightanthony
AI-10855,Arianne Irving,Consumer,christineramirez@example.com,&BF9&6tp2j,halltonya
TB-21400,Tom Boeckenhauer,Consumer,jennifer45@example.com,(dAx_YVO7n,isabel66
PL-18925,Paul Lucas,Home Office,kevin17@example.net,k)e5NGAm#K,tdoyle
GH-14425,Gary Hwang,Consumer,michelleyoung@example.net,%#E00Sj3@L,brosales
MP-18175,Mike Pelletier,Home Office,christopher02@example.org,$ePF8PpiH*,kathleenherman
JM-15655,Jim Mitchum,Corporate,vasquezmonique@example.com,3e^)U3Eo)O,patkins
CL-11890,Carl Ludwig,Consumer,zhurst@example.com,$#Pw9Wy1q5,matthew93
DB-13270,Deborah Brumfield,Home Office,kellyestrada@example.com,84M2tLh&R*,harrisjason
IG-15085,Ivan Gibson,Consumer,bentondanielle@example.org,$q8Zhfzd@),radams
BO-11425,Bobby Odegard,Consumer,bryanttyler@example.com,S45PVai4&1,toni51
AB-10150,Aimee Bixby,Consumer,allenmark@example.com,@4z#rKy9v9,pjames
JW-16075,Julia West,Consumer,phillipperez@example.net,*11JBKtsEb,polson
EB-13750,Edward Becker,Corporate,ariasashley@example.com,%nW6iVyJn3,carmenbarrera
SG-20470,Sheri Gordon,Consumer,kingjoshua@example.org,m8Lj#Xj1^4,kevinkeller
CM-12190,Charlotte Melton,Consumer,kelliefitzgerald@example.net,9bg^QAqy^w,tphillips
AW-10840,Anthony Witt,Consumer,lisanguyen@example.com,Q$b@X4Pk8m,erinray
MC-18100,Mick Crebagga,Consumer,robinsoncrystal@example.net,__O8bOkteS,amcdonald
TT-21460,Tonja Turnell,Home Office,traci98@example.org,&Jn0GVew!l,tony07
VG-21805,Vivek Grady,Corporate,zavalasamuel@example.org,J^0DB^MoL0,danielmartin
MY-18295,Muhammed Yedwab,Corporate,qmendoza@example.net,$U8JrviaPG,christopher03
RD-19480,Rick Duston,Consumer,johnjohnson@example.com,wK2okGbS@%,emoreno
DP-13390,Dennis Pardue,Home Office,brandon12@example.com,Kh7hT3yux%,whiteseth
ML-17395,Marina Lichtenstein,Corporate,wardelizabeth@example.org,gQ5Rw)Fq_A,wwarren
JC-15385,Jenna Caffey,Consumer,jblanchard@example.org,YRAV1jGbb^,april24
JG-15160,James Galang,Consumer,ssanders@example.net,(n3ZWgdPs1,mooreamber
MC-17275,Marc Crier,Consumer,kellycooper@example.com,e7_nW1&n$D,sedwards
NW-18400,Natalie Webber,Consumer,sarah46@example.net,_l2D)Z8s!a,medinakathleen
TB-21280,Toby Braunhardt,Consumer,elizabethsmith@example.org,&233DHskXk,russelljennifer
BS-11380,Bill Stewart,Corporate,grant34@example.com,%X_DZrdzQ5,ryan38
HH-15010,Hilary Holden,Corporate,tyler64@example.net,JwRq2r3L$4,deborahwilkinson
CD-12280,Christina DeMoss,Consumer,richardanderson@example.org,eRE#x+W0!2,staceysolomon
TH-21100,Thea Hendricks,Consumer,abell@example.com,K!7D16Fgmj,evanstaylor
MM-18055,Michelle Moray,Consumer,udelacruz@example.org,0w5Zr7Lp+u,csilva
NS-18505,Neola Schneider,Consumer,robert38@example.net,_1wRSoAGsE,vbentley
RB-19645,Robert Barroso,Corporate,pereztimothy@example.net,(hESyLTTX5,ramseyjoseph
SW-20455,Shaun Weien,Consumer,jacobwilliams@example.com,__aLwqy80n,johngarcia
EB-13930,Eric Barreto,Consumer,kristina86@example.com,)MDM9X^y8r,seansanchez
PS-18760,Pamela Stobb,Consumer,jjohnson@example.net,c1XNfIVr)@,zclark
HF-14995,Herbert Flentye,Consumer,davidramirez@example.org,tN+x8Qb%Af,tylercasey
HZ-14950,Henia Zydlo,Consumer,jenniferramirez@example.org,(m6D6ETp3K,larry36
CD-12790,Cynthia Delaney,Home Office,tamara25@example.net,#257DJvi7M,timothy24
JK-15205,Jamie Kunitz,Consumer,meyerjeffrey@example.net,Lxe7uXVk1(,nicholasharris
FM-14215,Filia McAdams,Corporate,jennamorse@example.net,K)3JOSptf7,taylorjacqueline
ED-13885,Emily Ducich,Home Office,codyhenderson@example.com,!0+9M)Nz^p,sbrock
DA-13450,Dianna Arnett,Home Office,lucaswalker@example.org,)YAn^Nrd&4,twhite
JW-15955,Joni Wasserman,Consumer,linda31@example.com,p4JzXKFa)R,michael38
RM-19375,Raymond Messe,Consumer,dreid@example.com,H)+9Ewud4x,clarkpaul
ML-17755,Max Ludwig,Home Office,hhensley@example.net,g7P*WTwt&f,uprice
CC-12685,Craig Carroll,Consumer,richardslinda@example.org,olNs&4PkeE,tarafrye
JE-15610,Jim Epp,Corporate,julian06@example.org,^W3@(FccSZ,bradcarter
RP-19855,Roy Phan,Corporate,alexa78@example.net,c*X2vwWhjF,krauseapril
TB-21175,Thomas Boland,Corporate,amandabeard@example.net,3b^1oMx+I@,timothyhowe
BE-11455,Brad Eason,Home Office,cruzchris@example.net,+2D2%%lit1,april18
JF-15565,Jill Fjeld,Consumer,wrightdanielle@example.org,aW3eQJPgi_,crystal10
PB-19210,Phillip Breyer,Corporate,cortiz@example.com,(wNtVeQs5U,johncruz
BT-11680,Brian Thompson,Consumer,ericchase@example.com,%*uw%Mvt2f,danielle33
JL-15235,Janet Lee,Consumer,fschwartz@example.com,%fA_QKC8T),bakerelizabeth
CH-12070,Cathy Hwang,Home Office,hcabrera@example.net,LX2SE2q##3,ashleyrhodes
ND-18460,Neil Ducich,Corporate,gonzalezbrittany@example.com,(2qgdoJetQ,lrodgers
BF-10975,Barbara Fisher,Corporate,leemelissa@example.com,+o#BPcPWf8,julie80
KH-16330,Katharine Harms,Corporate,hobbsedward@example.com,ykXuyO+v&5,pricechristine
GW-14605,Giulietta Weimer,Consumer,robinchavez@example.org,*#o6qOh7+u,kflores
NC-18625,Noah Childs,Corporate,moorederrick@example.org,*J3CL5Gr$$,nelsongeorge
ME-18010,Michelle Ellison,Corporate,etaylor@example.org,&44CVFTz1c,robin98
BP-11230,Benjamin Patterson,Consumer,nnixon@example.org,B_C^6nGoD),wheelertroy
JC-15775,John Castell,Consumer,normanmelissa@example.com,(bMyUqbD7H,james05
AS-10090,Adam Shillingsburg,Consumer,diazrobert@example.net,md+1FoIwap,cody97
AC-10450,Amy Cox,Consumer,hmartinez@example.com,!Sy+3HAj5S,valenzuelaantonio
MD-17860,Michael Dominguez,Corporate,amanda03@example.org,!hbYDXNa9#,karina28
DB-13660,Duane Benoit,Consumer,jack52@example.net,ScOP7VqiL(,mwood
EH-13990,Erica Hackney,Consumer,wrightsarah@example.org,q7Fqrd7v#G,kramerjason
EH-13765,Edward Hooks,Corporate,plevy@example.org,IO)$3Ile(i,samanthasmith
SC-20230,Scot Coram,Corporate,richard70@example.com,Ezp8&bObj+,harrisonanthony
JE-15715,Joe Elijah,Consumer,lee52@example.com,7CI^2JOf+O,ivalencia
AC-10615,Ann Chong,Corporate,alexanderbryan@example.net,(9vE*MfiSU,henrytara
JD-16015,Joy Daniels,Consumer,davisdonna@example.net,e7mrON8u#&,ronald87
CB-12415,Christy Brittain,Consumer,jamesyang@example.com,*#GTcYlvN1,brooksmark
JS-16030,Joy Smith,Consumer,drakemichael@example.net,%%6brOLnHs,justinbryant
LW-17215,Luke Weiss,Consumer,stacietorres@example.net,7jmYsXoM$%,deborah97
SC-20800,Stuart Calhoun,Consumer,emilystone@example.com,7^W3q1ZaYl,thomasernest
AM-10705,Anne McFarland,Consumer,heatherraymond@example.org,MlA@1A+bXV,matthew07
RH-19510,Rick Huthwaite,Home Office,rjohnson@example.org,!30G7iXA14,avazquez
CT-11995,Carol Triggs,Consumer,arielgamble@example.org,yy$2MPm5E),fcherry
MC-17590,Matt Collister,Corporate,hmartinez@example.net,*0WKuxvrUR,weavermatthew
CC-12610,Corey Catlett,Corporate,monroebrian@example.org,Z)P91avh%6,pfernandez
KA-16525,Kelly Andreada,Consumer,vsmith@example.net,Q620Db$x&i,michaelwilliams
TC-20980,Tamara Chand,Corporate,robertsdeborah@example.net,)l#4SokFG3,sarahruiz
BF-11080,Bart Folk,Consumer,gallowaykelly@example.com,J5YwTbqC*H,bwilson
MM-17260,Magdelene Morse,Consumer,pamela39@example.com,o3a!Z(DW+p,groman
AH-10120,Adrian Hane,Home Office,schultzashley@example.com,v1reFc%2+4,grahamtonya
BW-11200,Ben Wallace,Consumer,richardgonzalez@example.com,*k0$lZVv$D,osimpson
SW-20245,Scot Wooten,Consumer,daniel32@example.net,&1XqwLK+IX,medinadustin
BS-11665,Brian Stugart,Consumer,hsanchez@example.org,LnxEXNaE!7,kayla14
RF-19345,Randy Ferguson,Corporate,mathisdouglas@example.org,MvQ2AAeo@V,amanda30
WB-21850,William Brown,Consumer,greenespencer@example.org,Yu9HNNNw)b,mary91
TB-21625,Trudy Brown,Consumer,diane04@example.org,+nLWSKDls5,vincent79
AF-10870,Art Ferguson,Consumer,loripacheco@example.com,#!6YMLk$E),zbarton
RB-19435,Richard Bierner,Consumer,richardjames@example.org,*$3PcVlodC,charles24
KF-16285,Karen Ferguson,Home Office,valeriehenry@example.org,)#%e3QbKuX,serranodouglas
JH-15820,John Huston,Consumer,michael68@example.com,i3DybNSc+Y,patricia71
IL-15100,Ivan Liston,Consumer,stephanie78@example.com,qV4u4VvhC%,williamsphilip
PB-18805,Patrick Bzostek,Home Office,pbarton@example.net,&$r!3EsGm@,martinvargas
RH-19600,Rob Haberlin,Consumer,andrew69@example.net,GINKcD+i*3,gkennedy
AW-10930,Arthur Wiediger,Home Office,catherine59@example.net,^wV7EZQn#_,drakegwendolyn
ML-17410,Maris LaWare,Consumer,danielletrujillo@example.org,pXO*)9gL$1,timothygreen
DB-13555,Dorothy Badders,Corporate,whitneyrobinson@example.net,5mxlCfVs_2,robert17
MH-17620,Matt Hagelstein,Corporate,lisa96@example.org,&K6eCIfra^,daniel75
DK-13375,Dennis Kane,Consumer,thomaskimberly@example.com,o7bhsXch!w,murphyluis
BT-11440,Bobby Trafton,Consumer,jrowland@example.com,A80DHll6@N,gillespiechristine
DB-13405,Denny Blanton,Consumer,tiffany30@example.org,+ep@@6Ct*8,austin21
TG-21310,Toby Gnade,Consumer,jessica20@example.org,E@1nA&tPIK,melanie31
BF-11005,Barry Franz,Home Office,solisstephen@example.org,23^rUMRb*4,jason56
JM-16195,Justin MacKendrick,Consumer,swansonmichael@example.org,$*!+FhSl7x,blake15
MZ-17335,Maria Zettner,Home Office,christopher81@example.org,tT3vcTbau%,anna55
MW-18220,Mitch Webber,Consumer,cameronvasquez@example.com,4B7UeqxYm&,tmanning
MV-17485,Mark Van Huff,Consumer,martinezkaren@example.org,04Ve08Y+^A,mariascott
SM-20320,Sean Miller,Home Office,noah16@example.org,c#x9SEhy+_,alexmcdonald
TP-21415,Tom Prescott,Consumer,rebecca37@example.com,^i0Urk0eU6,nallen
JK-15625,Jim Karlsson,Consumer,wturner@example.com,G+3Sei46%O,christopher24
PJ-18835,Patrick Jones,Corporate,andrea52@example.com,&n2uBgXaS%,richard82
RS-19420,Ricardo Sperren,Corporate,jaclynwallace@example.org,C@w19LGoyg,amy54
SV-20935,Susan Vittorini,Consumer,ogonzalez@example.net,m)v7ZYdzyx,jatkinson
BC-11125,Becky Castell,Home Office,joseph54@example.net,#1W4sb(e8i,qwilliams
EM-13825,Elizabeth Moffitt,Corporate,qcoleman@example.net,#1JYTgSp7Q,amanda77
BM-11575,Brendan Murry,Corporate,richardbell@example.com,_8p)jOoqgM,ohunter
KN-16705,Kristina Nunn,Home Office,scottsmith@example.net,^8+o34AtcA,djohnson
KW-16570,Kelly Williams,Consumer,tara98@example.com,(1BHZs3gPs,schmittemily
SC-20260,Scott Cohen,Corporate,roblesjoseph@example.org,%4u6Zx%W&E,mary11
CV-12295,Christina VanderZanden,Consumer,jobradford@example.net,uY0f5AZhy&,johnsonmark
SG-20605,Speros Goranitis,Consumer,bridgetfrank@example.net,1d&YOxt@!$,nwright
TM-21010,Tamara Manning,Consumer,ifitzgerald@example.net,&9E8SX3lhi,parkerstephanie
EM-13810,Eleni McCrary,Corporate,tkirk@example.org,$F3RWt2p)z,jdodson
ML-18040,Michelle Lonsdale,Corporate,mbarron@example.com,_8_MPYhn72,richardbailey
CR-12580,Clay Rozendal,Home Office,hjordan@example.net,^!8XMiSF4c,imason
AZ-10750,Annie Zypern,Consumer,davidgray@example.net,4*2wlOJlty,gonzalesgloria
PW-19240,Pierre Wener,Consumer,zachary37@example.net,V^A)UcXv!9,knappchristian
SC-20380,Shahid Collister,Consumer,kellylarry@example.org,_L(yX3Yi3E,brandonnguyen
CM-11935,Carlos Meador,Consumer,brockkatie@example.com,&^)*3PeiC2,uwright
GM-14695,Greg Maxwell,Corporate,amber82@example.org,_2Ye0BIyvJ,mark67
TB-21250,Tim Brockman,Consumer,lyonsmichael@example.net,N!@4I9murU,pmejia
JM-15865,John Murray,Consumer,xwilliams@example.org,(1rlAHXxZ5,bcook
SC-20575,Sonia Cooley,Consumer,gabrielle60@example.com,ZpPSRzHL@0,timothy01
LS-17200,Luke Schmidt,Corporate,leah73@example.com,SHehH^Vw@3,ochoacourtney
RR-19315,Ralph Ritter,Consumer,charper@example.org,!3OElCnaRo,emilyhudson
DB-12910,Daniel Byrd,Home Office,smejia@example.net,h5X&2Muxfr,jasonfowler
TT-21220,Thomas Thornton,Consumer,sfletcher@example.net,PyVgByx!#5,whitedavid
LO-17170,Lori Olson,Corporate,sfrank@example.net,$Oj0PsoiA+,qbass
KD-16615,Ken Dana,Corporate,wagnerelizabeth@example.net,H3QZa*Ip@9,nicholasward
NB-18580,Nicole Brennan,Corporate,jasminewilson@example.org,*RGezjnkK3,ijuarez
BD-11635,Brian Derr,Consumer,lisa31@example.net,Rs)0ntSvux,xbrown
CM-12235,Chris McAfee,Consumer,brookseric@example.org,FCZ13Nde_&,courtney72
EN-13780,Edward Nazzal,Consumer,ccummings@example.com,tu9@BAil#1,mjones
KN-16450,Kean Nguyen,Corporate,whitney84@example.net,U2yU&Ac^#h,vflores
BO-11350,Bill Overfelt,Corporate,kelly92@example.org,)g+9)Pbz^s,irivera
AG-10300,Aleksandra Gannaway,Corporate,drobinson@example.org,!6s8jRCh0F,sabrina00
MC-17635,Matthew Clasen,Corporate,danielconley@example.net,*#9qSrarHZ,nicholsonryan
TA-21385,Tom Ashbrook,Home Office,timothy80@example.net,&jQ4eT$b&T,jacquelinewoods
JF-15295,Jason Fortune-,Consumer,matthewjackson@example.net,#lxDtQpg2j,annahoward
TT-21265,Tim Taslimi,Corporate,george74@example.com,#6ICYeSo6f,peckstuart
SB-20170,Sarah Bern,Consumer,fraziernancy@example.org,K_O8SNsFKL,rodriguezmichael
CL-12700,Craig Leslie,Home Office,moorekelly@example.com,)m0EzX6vt1,leonard13
HG-15025,Hunter Glantz,Consumer,joshua73@example.com,@wQLdSqAw5,davismartha
NL-18310,Nancy Lomonaco,Home Office,wsmith@example.org,Q9VlKDfr&j,chall
RR-19525,Rick Reed,Corporate,ryanlee@example.net,Rw7LNeNu_E,phillipsmike
TC-21295,Toby Carlisle,Consumer,christinebecker@example.net,lWXo3kFa$@,anthony48
SV-20785,Stewart Visinsky,Consumer,rhonda74@example.org,^_asZ2Wr7*,jody35
BE-11410,Bobby Elias,Consumer,garciagina@example.com,^D0IDSXpdS,emily59
SC-20680,Steve Carroll,Home Office,kwyatt@example.net,%lgFTyIeb5,qsmith
DF-13135,David Flashing,Consumer,johnsondavid@example.com,(^kSrMjAh7,valeriemitchell
FH-14350,Fred Harton,Consumer,heathersmith@example.net,cK7)_Zpj(c,snydertommy
MS-17530,MaryBeth Skach,Consumer,timothyarellano@example.org,&5IIPHiMwG,anthony04
RH-19555,Ritsa Hightower,Consumer,mhayes@example.net,r$sOXs7f!N,traviscaldwell
GA-14515,George Ashbrook,Consumer,tylermaddox@example.com,ldPoj8A4%0,shawn92
JP-16135,Julie Prescott,Home Office,nicole38@example.com,05goHP1v(f,byrdamanda
Dp-13240,Dean percer,Home Office,rogersjeffrey@example.com,$2eRFPip&@,daniel37
MO-17950,Michael Oakman,Consumer,trevor69@example.org,C7VlZlnT_o,kenneth88
DL-13330,Denise Leinenbach,Consumer,beasleymadison@example.org,3kZtb7Zh&9,nicole35
MH-18025,Michelle Huthwaite,Consumer,lrosales@example.com,59sV6z&a$j,gutierrezjames
DR-12940,Daniel Raglin,Home Office,cody22@example.com,4_$i3B5y!L,lkelley
DM-13015,Darrin Martin,Consumer,samanthanguyen@example.com,(4Z#WacP2H,wadelisa
CA-11965,Carol Adams,Corporate,amy96@example.net,neg5gEn6@J,ericajones
AC-10660,Anna Chung,Consumer,erinmitchell@example.net,WA@G4POrXs,ian26
DM-13345,Denise Monton,Corporate,kcline@example.net,!84GlkxGcP,leerobert
VF-21715,Vicky Freymann,Home Office,butlertyler@example.net,q6&2QaNjib,veronica21
CC-12370,Christopher Conant,Consumer,tony38@example.org,t%@R0ScNz$,smithsydney
BF-11275,Beth Fritzler,Corporate,vfrank@example.org,j1&Dp(f++&,bairdmary
HG-14845,Harry Greene,Consumer,donnabrooks@example.net,#HXI2gJm0l,thomaslutz
BP-11155,Becky Pak,Consumer,stephanie24@example.com,i_4SPnd7@r,steven73
EM-14140,Eugene Moren,Home Office,joshua31@example.com,aCnP1o^p$2,arojas
MA-17995,Michelle Arnett,Home Office,michaelgreen@example.com,(Uf(Xhyz$4,wcontreras
AY-10555,Andy Yotov,Corporate,ibarramatthew@example.com,#4w_20Gine,brandtnatalie
GB-14575,Giulietta Baptist,Consumer,hughesmichael@example.com,P894DFlp@a,alexandermason
JB-16045,Julia Barnett,Home Office,codychoi@example.net,E&1R2*W0hn,johnsonwanda
MG-17875,Michael Grace,Home Office,leonard69@example.net,^1WKn4OD#X,christinehernandez
SR-20425,Sharelle Roach,Home Office,jamesmiranda@example.com,uaMeIf2a*0,madisonhall
JB-16000,Joy Bell-,Consumer,edwardmartinez@example.net,3)3Vv2G0ok,arobinson
DM-12955,Dario Medina,Corporate,brandonrivera@example.net,&5XWTgq6C1,michaelmack
TC-21475,Tony Chapman,Home Office,mcombs@example.net,*8IqQm#B#H,grayolivia
SW-20350,Sean Wendt,Home Office,andremaynard@example.net,rA1Gq^T@!M,cmartinez
RE-19450,Richard Eichhorn,Consumer,charlesgillespie@example.net,k!R8j75xdL,mferrell
BF-11215,Benjamin Farhat,Home Office,victorlewis@example.com,&XFXOEqwQ8,perezraymond
KB-16405,Katrina Bavinger,Home Office,tbrown@example.com,@lSB0FpO!5,matthewlam
JG-15310,Jason Gross,Corporate,fnelson@example.com,)W3XFo1_7&,joshuacarpenter
EC-14050,Erin Creighton,Consumer,robert42@example.com,)*cfa62zSN,nicolemartinez
EB-14110,Eugene Barchas,Consumer,ericaanthony@example.net,%OIvQs@r1U,burnettbrandon
JP-15460,Jennifer Patt,Corporate,rebecca46@example.org,dhb5Qb9nF*,owensseth
CS-11845,Cari Sayre,Corporate,anthony24@example.com,+jrIQTbgM1,jamie49
GH-14410,Gary Hansen,Home Office,psimpson@example.net,b^9hcRtz7N,collin26
PT-19090,Pete Takahito,Consumer,johnsondeborah@example.net,N6Ifa7in_&,ortizbrandy
JL-15130,Jack Lebron,Consumer,amberbrock@example.net,jP@7jevy#2,nnelson
AH-10030,Aaron Hawkins,Corporate,lopezvictoria@example.com,77Ug6xGi+b,brownrobert
CC-12475,Cindy Chapman,Consumer,scottmarquez@example.com,EH9KueAIr^,moorekathleen
DW-13195,David Wiener,Corporate,ygreer@example.org,9G1EBoh)_i,phillip30
SJ-20215,Sarah Jordon,Consumer,gallegosedward@example.net,5C4kGB*x#),shawna49
BG-11740,Bruce Geld,Consumer,ricky56@example.net,x^9WYLE&kj,haley82
LB-16795,Laurel Beltran,Home Office,ldixon@example.net,r*0AKqjuCp,robertwright
CM-11815,Candace McMahon,Corporate,goodmanerica@example.org,Uv9XGncyR$,mary41
EH-14185,Evan Henry,Consumer,pphillips@example.net,8&6qXnKx!8,fwu
TS-21505,Tony Sayre,Consumer,mia56@example.net,SM1lXhds!W,joseph84
PR-18880,Patrick Ryan,Consumer,osmith@example.com,oc5alOnn2_,corey78
LC-17050,Liz Carlisle,Consumer,jenniferlutz@example.org,q67HhFCyR_,derrickramirez
CS-12490,Cindy Schnelling,Corporate,vjackson@example.net,$A6zFB$gJC,jamesadrian
DH-13075,Dave Hallsten,Corporate,jcurtis@example.net,3XWh@(vp^&,devin28
JO-15145,Jack O'Briant,Corporate,hornecameron@example.com,+4ldoW18Am,fberg
AH-10690,Anna Häberlin,Corporate,michael73@example.org,&Bo6SN#y@H,sgregory
HJ-14875,Heather Jas,Home Office,callen@example.org,VX*7CajOeY,uroberson
MH-17455,Mark Hamilton,Consumer,christopherchase@example.net,l%ESeRT$$5,julie37
RD-19930,Russell D'Ascenzo,Consumer,kellykirk@example.net,)47EZNmuZh,bentonjesse
SC-20020,Sam Craven,Consumer,xbartlett@example.com,(%54QDrmyl,mitchelljulie
SU-20665,Stephanie Ulpright,Home Office,amber92@example.net,4@7Xh5VpMI,allen15
FC-14335,Fred Chung,Corporate,edward96@example.net,r*vm4PZjnt,uhuynh
RB-19330,Randy Bradley,Consumer,garciasarah@example.com,sd0C*+!g+7,pughyolanda
NC-18535,Nick Crebassa,Corporate,laura75@example.net,@G5vDdrmQZ,osmith
DB-12970,Darren Budd,Corporate,xkelly@example.org,_S0qI!fQ*y,tsoto
MF-17665,Maureen Fritzler,Corporate,kimberlyjames@example.net,bTtSzrei(7,melissa90
RM-19750,Roland Murray,Consumer,kbates@example.net,RyJ1BzZv#g,christinehenderson
VM-21835,Vivian Mathis,Consumer,fsims@example.com,(P6tV4Yoh*,jamesrobin
EJ-13720,Ed Jacobs,Consumer,julie24@example.net,$KYFuJsBO7,xhale
NC-18415,Nathan Cano,Consumer,gayers@example.com,I%1)8XLeF),jackiebrown
LS-17230,Lycoris Saunders,Consumer,hbarker@example.org,LE@a&3Ch5z,cshaw
KE-16420,Katrina Edelman,Corporate,christine49@example.org,+*9Ov+86cl,uquinn
DH-13675,Duane Huffman,Home Office,foleynicholas@example.org,j8iNCJbn$8,padillaashley
PF-19120,Peter Fuller,Consumer,zsmith@example.com,j8Z3AWvm^f,jacob98
VT-21700,Valerie Takahito,Home Office,bward@example.com,rmvx6AOcw&,holmeslinda
MG-17695,Maureen Gnade,Consumer,stewartcarly@example.net,@9*h7BcStL,santoslauren
SP-20920,Susan Pistek,Consumer,tmarquez@example.net,+O4IPpnr+(,jamesward
CS-12175,Charles Sheldon,Corporate,yturner@example.org,dIv8MroG_H,qmitchell
DK-12895,Dana Kaydos,Consumer,john52@example.net,nu%9TraA%o,ryan27
KM-16660,Khloe Miller,Consumer,jonesrita@example.com,(UC31Lzk)b,bettywalsh
AA-10645,Anna Andreadi,Consumer,jonesjustin@example.net,69AWa%Fm)W,dmccann
DD-13570,Dorothy Dickinson,Consumer,kimberlybuck@example.net,+46XqbY70p,afowler
AH-10465,Amy Hunt,Consumer,crystal96@example.com,^wy@PZs8v1,barnettamanda
TP-21565,Tracy Poddar,Corporate,traci39@example.org,+9PvpkI(9^,mariamelendez
EK-13795,Eileen Kiefer,Home Office,enelson@example.com,%TU*dJz$#5,balvarez
CR-12820,Cyra Reiten,Home Office,gfranklin@example.com,Ku(1KsvFNe,mitchell57
SG-20890,Susan Gilcrest,Corporate,angelwilson@example.org,)_4W0QiROm,austinmonroe
AH-10585,Angele Hood,Consumer,brad07@example.com,%F4Zp97R)S,shanemclean
NF-18475,Neil Französisch,Home Office,pmartin@example.net,kdM)7tHBF&,stephenwheeler
BS-11365,Bill Shonely,Corporate,zyoder@example.org,%o)6ZcspZj,kellyphillips
SH-20635,Stefanie Holloman,Corporate,sarah77@example.net,i6*nLgRk@Z,georgerichards
RD-19720,Roger Demir,Consumer,nhunt@example.com,8GDjgDY^+2,thomasjohnson
AG-10330,Alex Grayson,Consumer,bwilson@example.net,9#R6XBao1y,wademichael
GR-14560,Georgia Rosenberg,Corporate,philipjohnson@example.net,Sn4R0Tlz*3,joseph97
VS-21820,Vivek Sundaresam,Consumer,ronald13@example.com,S79D!AcQ@l,ljohnson
TM-21490,Tony Molinari,Consumer,nbrady@example.com,#485J&p2e3,leachbradley
TS-21430,Tom Stivers,Corporate,deangregory@example.org,I)C#Zbgx^5,kjimenez
DB-13360,Dennis Bolton,Home Office,diazadam@example.net,(6m@b&Cgs1,tlove
NR-18550,Nick Radford,Consumer,paigemorgan@example.net,yz7tnLy7V),ykidd
CS-11860,Cari Schnelling,Consumer,ethomas@example.com,^t4$NqPlz^,rubioshane
MF-18250,Monica Federle,Corporate,pauljarvis@example.net,IDK02dFl&6,wosborn
LW-17125,Liz Willingham,Consumer,sheppardmelinda@example.com,mQM6FC_k3!,vking
AR-10345,Alex Russell,Corporate,zhess@example.com,Dy3Iri9s+(,donaldrowe
KS-16300,Karen Seio,Corporate,fkramer@example.com,#9A+JJm%&f,zsmith
AB-10015,Aaron Bergman,Consumer,anthonyjennings@example.org,#dRVPQvl45,francesnunez
LR-17035,Lisa Ryan,Corporate,jrobinson@example.com,xEXNvd#6&3,ayalagina
SS-20410,Shahid Shariari,Consumer,kgordon@example.net,3d!1JOg7PP,erinthomas
JM-15580,Jill Matthias,Consumer,guerramatthew@example.net,$7%9K0kbrX,vancechristopher
JK-15325,Jason Klamczynski,Corporate,gardnerdebbie@example.org,@9_B#zt1aL,michellehodges
DM-13525,Don Miller,Corporate,hhays@example.net,Vw7JcXOqL@,maryward
ML-18265,Muhammed Lee,Consumer,vphillips@example.net,4()58DhK@r,herringisabella
MH-17290,Marc Harrigan,Home Office,stephanieyoung@example.org,O41D2Mam#H,dzamora
FC-14245,Frank Carlisle,Home Office,orrmarilyn@example.org,*n4HEbwMK_,zmendez
TH-21115,Thea Hudgings,Corporate,michaelhartman@example.org,+l7FuLkc!a,ggarza
JK-16090,Juliana Krohn,Consumer,christopherwashington@example.net,6U&0$YtoWr,matthew20
SB-20185,Sarah Brown,Consumer,harrisondavid@example.net,k#0jy1EC%a,troy75
BG-11035,Barry Gonzalez,Consumer,chanchristine@example.org,D)1Uo1yU8A,higginsjohn
BW-11065,Barry Weirich,Consumer,wwilliams@example.com,yuujH*Ec_1,tracy16
MG-18205,Mitch Gastineau,Corporate,scottadam@example.net,0#5R95No8g,kathleen21
DO-13645,Doug O'Connell,Consumer,asimmons@example.com,qz40HJWb+u,nicole94
BP-11050,Barry Pond,Corporate,morrisonashley@example.net,OZcc4Tqd+x,christina88
TS-21655,Trudy Schmidt,Consumer,karenrobertson@example.org,ue)1Fu&9+n,jonathan95
EM-14200,Evan Minnotte,Home Office,skelley@example.org,362V!3WdD5,joseph18
AO-10810,Anthony O'Donnell,Corporate,samanthasimpson@example.net,d#SVe8Mi@%,maciascathy
MH-17440,Mark Haberlin,Corporate,cookkenneth@example.org,4FvW1WxhK),collinsbonnie
SS-20515,Shirley Schmidt,Home Office,lindamcmillan@example.com,(+1EHxr(rX,johnsonrobert
LD-16855,Lela Donovan,Corporate,huynhjustin@example.org,&4YvmO9HH2,peter91
VP-21760,Victoria Pisteka,Corporate,ethompson@example.com,@^K48C@dA0,tmack
TC-21145,Theresa Coyne,Corporate,perryrachael@example.com,&7Fi7PupMP,ashley47
IM-15055,Ionia McGrath,Consumer,nicolemills@example.com,%oH7g3^UI9,campbellnicholas
AR-10570,Anemone Ratner,Consumer,williamstheresa@example.net,3l69SgTt#a,cooperjessica
CM-12715,Craig Molinari,Corporate,stanleybryant@example.com,pp1rBQIkF%,williamrussell
FW-14395,Fred Wasserman,Corporate,angelamitchell@example.org,O%1@LmPoDe,alexander89
LC-16960,Lindsay Castell,Home Office,brewermelissa@example.org,w1W()s+i_o,benjamin19
HE-14800,Harold Engle,Corporate,hortondustin@example.org,cV5IadOU$#,umartin
BD-11560,Brendan Dodson,Home Office,stephenfreeman@example.net,F!B9fUvwr@,uandrews
HD-14785,Harold Dahlen,Home Office,nguyenregina@example.org,+CHnya@wL2,jennifer56
CJ-11875,Carl Jackson,Corporate,hmarshall@example.com,!W(4omYqUL,elizabeth50
RS-19870,Roy Skaria,Home Office,joseph29@example.net,%fTc(KoHa7,williamsmatthew
SC-20845,Sung Chung,Consumer,mathisjoseph@example.com,@3uL$6Mr!4,agonzalez
RE-19405,Ricardo Emerson,Consumer,freymichael@example.org,JM6Ak)IU!^,kimroy
SM-20905,Susan MacKendrick,Consumer,rachel73@example.com,qGRV%0Eqq3,ujohnson
